<?xml version="1.0" encoding="UTF-8" ?>
<!DOCTYPE mapper
        PUBLIC "-//mybatis.org//DTD Mapper 3.0//EN"
        "http://mybatis.org/dtd/mybatis-3-mapper.dtd">

<mapper namespace="com.wcs.mapper.UserMapper">

    <update id="update">
        update user
        <set>
            <if test="password!=null and password!=''">
                password = #{password},
            </if>
            <if test="name!=null and name!=''">
                name = #{name},
            </if>
            <if test="gender!=null">
                gender = #{gender},
            </if>
            <if test="phone!=null and phone!=''">
                phone = #{phone},
            </if>
            <if test="updateTime!=null">
                update_time = #{updateTime}
            </if>
        </set>
        where id = #{id}
    </update>

    <select id="selectClassByUserId" resultType="com.wcs.pojo.Class">
        select class_id,teacher_id ,s_number,create_time
        from class
        where class_id in (select class_id
                     from user_class
                     where user_id = #{id})
    </select>


</mapper>