{
  "id": "",
  "name": "",
  "font_family": "iconfont",
  "css_prefix_text": "icon-",
  "description": "",
  "glyphs": [
    {
      "icon_id": "356478",
      "name": "微博",
      "font_class": "weibo",
      "unicode": "e62f",
      "unicode_decimal": 58927
    },
    {
      "icon_id": "970752",
      "name": "微信",
      "font_class": "weixin",
      "unicode": "e62e",
      "unicode_decimal": 58926
    },
    {
      "icon_id": "1327494",
      "name": "QQ",
      "font_class": "QQ",
      "unicode": "e60f",
      "unicode_decimal": 58895
    },
    {
      "icon_id": "3176645",
      "name": "GitHub",
      "font_class": "GitHub",
      "unicode": "ea0a",
      "unicode_decimal": 59914
    }
  ]
}
